<PPMCONFIG>
    <PPMVER>2,1,5,0</PPMVER>
    <PLATFORM CPU="x86" OSVALUE="MSWin32" OSVERSION="4,0,0,0" />
    <OPTIONS BUILDDIR="C:\DOCUME~1\vadimsb\LOCALS~1\Temp" CLEAN="1" CONFIRM="1" DOWNLOADSTATUS="16384" FORCEINSTALL="1" IGNORECASE="1" MORE="24" ROOT="" TRACE="0" TRACEFILE="PPM.LOG" VERBOSE="1" />
    
    <REPOSITORY LOCATION="http://ppm.ActiveState.com/cgibin/PPM/ppmserver.pl?urn:/PPMServer" NAME="ActiveState Package Repository" SUMMARYFILE="fetch_summary"/>
    <PPMPRECIOUS>Compress-Zlib;Archive-Tar;Digest-MD5;File-CounterFile;Font-AFM;HTML-Parser;HTML-Tree;MIME-Base64;URI;libwww-perl;XML-Parser;SOAP-Lite;PPM;libnet;libwin32</PPMPRECIOUS>

<PACKAGE NAME="PPM">
<LOCATION>http://ppm.ActiveState.com/cgibin/PPM/ppmserver.pl?urn:/PPMServer</LOCATION>
<INSTPACKLIST>C:\Perl\site\lib/auto/PPM/.packlist</INSTPACKLIST>
<INSTROOT>C:\Perl</INSTROOT>
<INSTDATE>Fri Oct  2 16:14:32 1998</INSTDATE>
<INSTPPD>
<SOFTPKG NAME="PPM" VERSION="2,1,5,0">
<TITLE>PPM</TITLE>
<ABSTRACT>Perl Package Manager: locate, install, upgrade software packages.</ABSTRACT>
<AUTHOR>Murray Nesbitt &lt;murray@ActiveState.com&gt;</AUTHOR>
<IMPLEMENTATION>
<DEPENDENCY NAME="Compress-Zlib" VERSION="" />
<DEPENDENCY NAME="Archive-Tar" VERSION="" />
<DEPENDENCY NAME="MIME-Base64" VERSION="" />
<DEPENDENCY NAME="URI" VERSION="" />
<DEPENDENCY NAME="HTML-Parser" VERSION="" />
<DEPENDENCY NAME="libwww-perl" VERSION="" />
<DEPENDENCY NAME="XML-Parser" VERSION="" />
<CODEBASE HREF="http://ppm.ActiveState.com/PPMPackages/5.6plus/MSWin32-x86-multi-thread/PPM.tar.gz" />
<INSTALL />
<UNINSTALL />
</IMPLEMENTATION>
</SOFTPKG>
</INSTPPD>
</PACKAGE>

<PACKAGE NAME="Archive-Tar">
<LOCATION>http://ppm.ActiveState.com/cgibin/PPM/ppmserver.pl?urn:/PPMServer</LOCATION>
<INSTPACKLIST>C:\Perl\site\lib/auto/Archive/Tar/.packlist</INSTPACKLIST>
<INSTROOT>C:\Perl</INSTROOT>
<INSTDATE>Fri Oct  2 16:14:37 1998</INSTDATE>
<INSTPPD>
<SOFTPKG NAME="Archive-Tar" VERSION="0,072,0,0">
<TITLE>Archive-Tar</TITLE>
<ABSTRACT>module for manipulation of tar archives.</ABSTRACT>
<AUTHOR>Stephen Zander &lt;gibreel@pobox.com&gt;</AUTHOR>
<IMPLEMENTATION>
<CODEBASE HREF="http://ppm.ActiveState.com/PPMPackages/5.6plus/MSWin32-x86-multi-thread/Archive-Tar.tar.gz" />
<INSTALL />
<UNINSTALL />
</IMPLEMENTATION>
</SOFTPKG>
</INSTPPD>
</PACKAGE>

<PACKAGE NAME="Digest-MD5">
<LOCATION>http://ppm.ActiveState.com/cgibin/PPM/ppmserver.pl?urn:/PPMServer</LOCATION>
<INSTPACKLIST>C:\Perl\site\lib/auto/Digest/MD5/.packlist</INSTPACKLIST>
<INSTROOT>C:\Perl</INSTROOT>
<INSTDATE>Fri Nov 13 14:05:30 1998</INSTDATE>
<INSTPPD>
<SOFTPKG NAME="Digest-MD5" VERSION="2,11,0,0">
<TITLE>Digest-MD5</TITLE>
<ABSTRACT>Perl interface to the MD5 Algorithm</ABSTRACT>
<AUTHOR>Gisle Aas &lt;gisle@aas.no&gt;</AUTHOR>
<IMPLEMENTATION>
<CODEBASE HREF="http://ppm.ActiveState.com/PPMPackages/5.6plus/MSWin32-x86-multi-thread/Digest-MD5.tar.gz" />
<INSTALL />
<UNINSTALL />
</IMPLEMENTATION>
</SOFTPKG>
</INSTPPD>
</PACKAGE>

<PACKAGE NAME="File-CounterFile">
<LOCATION>http://ppm.ActiveState.com/cgibin/PPM/ppmserver.pl?urn:/PPMServer</LOCATION>
<INSTPACKLIST>C:\Perl\site\lib/auto/File/CounterFile/.packlist</INSTPACKLIST>
<INSTROOT>C:\Perl</INSTROOT>
<INSTDATE>Fri Nov 13 14:05:30 1998</INSTDATE>
<INSTPPD>
<SOFTPKG NAME="File-CounterFile" VERSION="0,12,0,0">
<TITLE>File-CounterFile</TITLE>
<ABSTRACT>Persistent counter class</ABSTRACT>
<AUTHOR>Gisle Aas &lt;gisle@aas.no&gt;</AUTHOR>
<IMPLEMENTATION>
<CODEBASE HREF="http://ppm.ActiveState.com/PPMPackages/5.6plus/MSWin32-x86-multi-thread/File-CounterFile.tar.gz" />
<INSTALL />
<UNINSTALL />
</IMPLEMENTATION>
</SOFTPKG>
</INSTPPD>
</PACKAGE>

<PACKAGE NAME="Font-AFM">
<LOCATION>http://ppm.ActiveState.com/cgibin/PPM/ppmserver.pl?urn:/PPMServer</LOCATION>
<INSTPACKLIST>C:\Perl\site\lib/auto/Font/AFM/.packlist</INSTPACKLIST>
<INSTROOT>C:\Perl</INSTROOT>
<INSTDATE>Fri Nov 13 14:05:30 1998</INSTDATE>
<INSTPPD>
<SOFTPKG NAME="Font-AFM" VERSION="1,18,0,0">
<TITLE>Font-AFM</TITLE>
<ABSTRACT>Interface to Adobe Font Metrics files</ABSTRACT>
<AUTHOR>Gisle Aas &lt;gisle@aas.no&gt;</AUTHOR>
<IMPLEMENTATION>
<CODEBASE HREF="http://ppm.ActiveState.com/PPMPackages/5.6plus/MSWin32-x86-multi-thread/Font-AFM.tar.gz" />
<INSTALL />
<UNINSTALL />
</IMPLEMENTATION>
</SOFTPKG>
</INSTPPD>
</PACKAGE>

<PACKAGE NAME="HTML-Tagset">
<LOCATION>http://ppm.ActiveState.com/cgibin/PPM/ppmserver.pl?urn:/PPMServer</LOCATION>
<INSTPACKLIST>C:\Perl\site\lib/auto/HTML/Tagset/.packlist</INSTPACKLIST>
<INSTROOT>C:\Perl</INSTROOT>
<INSTDATE>Fri Nov 13 14:05:30 1998</INSTDATE>
<INSTPPD>
<SOFTPKG NAME="HTML-Tagset" VERSION="3,03,0,0">
<TITLE>HTML-Tagset</TITLE>
<ABSTRACT>Data tables useful in parsing HTML</ABSTRACT>
<AUTHOR>Sean M. Burke, &lt;sburke@cpan.org&gt;</AUTHOR>
<IMPLEMENTATION>
<CODEBASE HREF="http://ppm.ActiveState.com/PPMPackages/5.6plus/MSWin32-x86-multi-thread/HTML-Tagset.tar.gz" />
<INSTALL />
<UNINSTALL />
</IMPLEMENTATION>
</SOFTPKG>
</INSTPPD>
</PACKAGE>

<PACKAGE NAME="MIME-Base64">
<LOCATION>http://ppm.ActiveState.com/cgibin/PPM/ppmserver.pl?urn:/PPMServer</LOCATION>
<INSTPACKLIST>C:\Perl\site\lib/auto/MIME/Base64/.packlist</INSTPACKLIST>
<INSTROOT>C:\Perl</INSTROOT>
<INSTDATE>Fri Nov 13 14:05:30 1998</INSTDATE>
<INSTPPD>
<SOFTPKG NAME="MIME-Base64" VERSION="2,11,0,0">
<TITLE>MIME-Base64</TITLE>
<ABSTRACT>Encoding and decoding of base64 strings</ABSTRACT>
<AUTHOR>Gisle Aas &lt;gisle@aas.no&gt;</AUTHOR>
<IMPLEMENTATION>
<CODEBASE HREF="http://ppm.ActiveState.com/PPMPackages/5.6plus/MSWin32-x86-multi-thread/MIME-Base64.tar.gz" />
<INSTALL />
<UNINSTALL />
</IMPLEMENTATION>
</SOFTPKG>
</INSTPPD>
</PACKAGE>

<PACKAGE NAME="URI">
<LOCATION>http://ppm.ActiveState.com/cgibin/PPM/ppmserver.pl?urn:/PPMServer</LOCATION>
<INSTPACKLIST>C:\Perl\site\lib/auto/URI/.packlist</INSTPACKLIST>
<INSTROOT>C:\Perl</INSTROOT>
<INSTDATE>Fri Oct  2 16:15:15 1998</INSTDATE>
<INSTPPD>
<SOFTPKG NAME="URI" VERSION="1,11,0,0">
<TITLE>URI</TITLE>
<ABSTRACT>Uniform Resource Identifiers (absolute and relative)</ABSTRACT>
<AUTHOR>Gisle Aas &lt;gisle@aas.no&gt;</AUTHOR>
<IMPLEMENTATION>
<DEPENDENCY NAME="MIME-Base64" VERSION="" />
<CODEBASE HREF="http://ppm.ActiveState.com/PPMPackages/5.6plus/MSWin32-x86-multi-thread/URI.tar.gz" />
<INSTALL />
<UNINSTALL />
</IMPLEMENTATION>
</SOFTPKG>
</INSTPPD>
</PACKAGE>

<PACKAGE NAME="HTML-Parser">
<LOCATION>http://ppm.ActiveState.com/cgibin/PPM/ppmserver.pl?urn:/PPMServer</LOCATION>
<INSTPACKLIST>C:\Perl\site\lib/auto/HTML/Parser/.packlist</INSTPACKLIST>
<INSTROOT>C:\Perl</INSTROOT>
<INSTDATE>Fri Oct  2 16:15:15 1998</INSTDATE>
<INSTPPD>
<SOFTPKG NAME="HTML-Parser" VERSION="3,19,0,0">
<TITLE>HTML-Parser</TITLE>
<ABSTRACT>SGML parser class</ABSTRACT>
<AUTHOR>Gisle Aas &lt;gisle@aas.no&gt;</AUTHOR>
<IMPLEMENTATION>
<CODEBASE HREF="http://ppm.ActiveState.com/PPMPackages/5.6plus/MSWin32-x86-multi-thread/HTML-Parser.tar.gz" />
<INSTALL />
<UNINSTALL />
</IMPLEMENTATION>
</SOFTPKG>
</INSTPPD>
</PACKAGE>

<PACKAGE NAME="HTML-Tree">
<LOCATION>http://ppm.ActiveState.com/cgibin/PPM/ppmserver.pl?urn:/PPMServer</LOCATION>
<INSTPACKLIST>C:\Perl\site\lib/auto/HTML-Tree/.packlist</INSTPACKLIST>
<INSTROOT>C:\Perl</INSTROOT>
<INSTDATE>Fri Oct  2 16:15:15 1998</INSTDATE>
<INSTPPD>
<SOFTPKG NAME="HTML-Tree" VERSION="3,11,0,0">
<TITLE>HTML-Tree</TITLE>
<ABSTRACT>HTML syntax tree builder</ABSTRACT>
<AUTHOR>Gisle Aas &lt;gisle@aas.no&gt;</AUTHOR>
<IMPLEMENTATION>
<CODEBASE HREF="http://ppm.ActiveState.com/PPMPackages/5.6plus/MSWin32-x86-multi-thread/HTML-Tree.tar.gz" />
<INSTALL />
<UNINSTALL />
</IMPLEMENTATION>
</SOFTPKG>
</INSTPPD>
</PACKAGE>

<PACKAGE NAME="libwww-perl">
<LOCATION>http://ppm.ActiveState.com/cgibin/PPM/ppmserver.pl?urn:/PPMServer</LOCATION>
<INSTPACKLIST>C:\Perl\site\lib/auto/LWP/.packlist</INSTPACKLIST>
<INSTROOT>C:\Perl</INSTROOT>
<INSTDATE>Fri Oct  2 16:15:15 1998</INSTDATE>
<INSTPPD>
<SOFTPKG NAME="libwww-perl" VERSION="5,51,0,0">
<TITLE>libwww-perl</TITLE>
<ABSTRACT>Library for WWW access in Perl</ABSTRACT>
<AUTHOR>Gisle Aas &lt;gisle@aas.no&gt;</AUTHOR>
<IMPLEMENTATION>
<DEPENDENCY NAME="URI" VERSION="" />
<DEPENDENCY NAME="HTML-Parser" VERSION="" />
<CODEBASE HREF="http://ppm.ActiveState.com/PPMPackages/5.6plus/MSWin32-x86-multi-thread/libwww-perl.tar.gz" />
<INSTALL />
<UNINSTALL />
</IMPLEMENTATION>
</SOFTPKG>
</INSTPPD>
</PACKAGE>

<PACKAGE NAME="XML-Parser">
<LOCATION>http://ppm.ActiveState.com/cgibin/PPM/ppmserver.pl?urn:/PPMServer</LOCATION>
<INSTPACKLIST>C:\Perl\site\lib/auto/XML/Parser/.packlist</INSTPACKLIST>
<INSTROOT>C:\Perl</INSTROOT>
<INSTDATE>Fri Oct  2 16:16:03 1998</INSTDATE>
<INSTPPD>
<SOFTPKG NAME="XML-Parser" VERSION="2,27,0,0">
<TITLE>XML-Parser</TITLE>
<ABSTRACT>A Perl module for parsing XML documents</ABSTRACT>
<AUTHOR>Clark Cooper &lt;coopercl@sch.ge.com&gt;</AUTHOR>
<IMPLEMENTATION>
<CODEBASE HREF="http://ppm.ActiveState.com/PPMPackages/5.6plus/MSWin32-x86-multi-thread/XML-Parser.tar.gz" />
<INSTALL />
<UNINSTALL />
</IMPLEMENTATION>
</SOFTPKG>
</INSTPPD>
</PACKAGE>

<PACKAGE NAME="Compress-Zlib">
<LOCATION>http://ppm.ActiveState.com/cgibin/PPM/ppmserver.pl?urn:/PPMServer</LOCATION>
<INSTPACKLIST>C:\Perl\site\lib/auto/Compress/Zlib/.packlist</INSTPACKLIST>
<INSTROOT>C:\Perl</INSTROOT>
<INSTDATE>Fri Oct  2 16:16:03 1998</INSTDATE>
<INSTPPD>
<SOFTPKG NAME="Compress-Zlib" VERSION="1,08,0,0">
<TITLE>Compress-Zlib</TITLE>
<ABSTRACT>Interface to zlib compression library</ABSTRACT>
<AUTHOR>Paul Marquess &lt;pmarquess@bfsec.bt.co.uk&gt;</AUTHOR>
<IMPLEMENTATION>
<CODEBASE HREF="http://ppm.ActiveState.com/PPMPackages/5.6plus/MSWin32-x86-multi-thread/Compress-Zlib.tar.gz" />
<INSTALL />
<UNINSTALL />
</IMPLEMENTATION>
</SOFTPKG>
</INSTPPD>
</PACKAGE>

<PACKAGE NAME="libwin32">
<LOCATION>http://ppm.ActiveState.com/cgibin/PPM/ppmserver.pl?urn:/PPMServer</LOCATION>
<INSTPACKLIST>C:\Perl\site\lib/auto/Win32/.packlist</INSTPACKLIST>
<INSTROOT>C:\Perl</INSTROOT>
<INSTDATE>Fri Oct  2 16:16:03 1998</INSTDATE>
<INSTPPD>
<SOFTPKG NAME="libwin32" VERSION="0,17,2,0">
<TITLE>libwin32</TITLE>
<ABSTRACT>A collection of extensions that aims to provide comprehensive access
to the Windows API.</ABSTRACT>
<AUTHOR>Gurusamy Sarathy &lt;gsar@ActiveState.com&gt;</AUTHOR>
<IMPLEMENTATION>
<CODEBASE HREF="http://ppm.ActiveState.com/PPMPackages/5.6plus/MSWin32-x86-multi-thread/libwin32.tar.gz" />
<INSTALL />
<UNINSTALL />
</IMPLEMENTATION>
</SOFTPKG>
</INSTPPD>
</PACKAGE>

<PACKAGE NAME="SOAP-Lite">
<LOCATION>http://ppm.ActiveState.com/cgibin/PPM/ppmserver.pl?urn:/PPMServer</LOCATION>
<INSTPACKLIST>C:\Perl\site\lib/auto/SOAP/Lite/.packlist</INSTPACKLIST>
<INSTROOT>C:\Perl</INSTROOT>
<INSTDATE>Fri Oct  2 16:15:15 1998</INSTDATE>
<INSTPPD>
<SOFTPKG NAME="SOAP-Lite" VERSION="0,46,0,0">
<TITLE>SOAP-Lite</TITLE>
<ABSTRACT>Library for Simple Object Access Protocol (SOAP) clients and servers in Perl</ABSTRACT>
<AUTHOR>Paul Kulchenko &lt;paulclinger@yahoo.com&gt;</AUTHOR>
<IMPLEMENTATION>
<DEPENDENCY NAME="MIME-Base64" VERSION="" />
<DEPENDENCY NAME="URI" VERSION="" />
<DEPENDENCY NAME="libwww-perl" VERSION="" />
<DEPENDENCY NAME="XML-Parser" VERSION="" />
<DEPENDENCY NAME="MIME-Tools" VERSION="" />
<CODEBASE HREF="http://ppm.ActiveState.com/PPMPackages/5.6plus/MSWin32-x86-multi-thread/SOAP-Lite.tar.gz" />
<INSTALL />
<UNINSTALL />
</IMPLEMENTATION>
</SOFTPKG>
</INSTPPD>
</PACKAGE>

<PACKAGE NAME="libnet">
<LOCATION>http://ppm.ActiveState.com/cgibin/PPM/ppmserver.pl?urn:/PPMServer</LOCATION>
<INSTPACKLIST>C:\Perl\site\lib/auto/libnet/.packlist</INSTPACKLIST>
<INSTROOT>C:\Perl</INSTROOT>
<INSTDATE>Fri Oct  2 16:15:15 1998</INSTDATE>
<INSTPPD>
<SOFTPKG NAME="libnet" VERSION="1,07,03,0">
<TITLE>libnet</TITLE>
<ABSTRACT>Collection of Network protocol modules</ABSTRACT>
<AUTHOR>Graham Barr</AUTHOR>
<IMPLEMENTATION>
<CODEBASE HREF="http://ppm.ActiveState.com/PPMPackages/5.6plus/MSWin32-x86-multi-thread/libnet.tar.gz" />
<INSTALL />
<UNINSTALL />
</IMPLEMENTATION>
</SOFTPKG>
</INSTPPD>
</PACKAGE>

</PPMCONFIG>
