<?xml version="1.0" encoding="UTF-8" standalone="no"?><nodeTypes xmlns:fn="http://www.w3.org/2005/xpath-functions" xmlns:fn_old="http://www.w3.org/2004/10/xpath-functions" xmlns:jcr="http://www.jcp.org/jcr/1.0" xmlns:mix="http://www.jcp.org/jcr/mix/1.0" xmlns:nt="http://www.jcp.org/jcr/nt/1.0" xmlns:openl="http://www.openl.org/jcr/1.0" xmlns:rep="internal" xmlns:sv="http://www.jcp.org/jcr/sv/1.0" xmlns:xs="http://www.w3.org/2001/XMLSchema"><nodeType hasOrderableChildNodes="false" isAbstract="false" isMixin="false" isQueryable="true" name="openl:lock" primaryItemName=""><supertypes><supertype>nt:unstructured</supertype></supertypes><propertyDefinition autoCreated="false" isFullTextSearchable="false" isQueryOrderable="false" mandatory="false" multiple="false" name="lockedBy" onParentVersion="IGNORE" protected="false" requiredType="String"/><propertyDefinition autoCreated="false" isFullTextSearchable="false" isQueryOrderable="false" mandatory="false" multiple="false" name="lockedAt" onParentVersion="IGNORE" protected="false" requiredType="Date"/></nodeType><nodeType hasOrderableChildNodes="false" isAbstract="false" isMixin="false" isQueryable="true" name="openl:file" primaryItemName=""><supertypes><supertype>nt:file</supertype><supertype>openl:entity</supertype></supertypes></nodeType><nodeType hasOrderableChildNodes="false" isAbstract="false" isMixin="false" isQueryable="true" name="openl:entity" primaryItemName=""><supertypes><supertype>nt:unstructured</supertype></supertypes><propertyDefinition autoCreated="false" isFullTextSearchable="false" isQueryOrderable="false" mandatory="false" multiple="false" name="attribute2" onParentVersion="COPY" protected="false" requiredType="String"/><propertyDefinition autoCreated="false" isFullTextSearchable="false" isQueryOrderable="false" mandatory="false" multiple="false" name="attribute10" onParentVersion="COPY" protected="false" requiredType="Date"/><propertyDefinition autoCreated="false" isFullTextSearchable="false" isQueryOrderable="false" mandatory="false" multiple="false" name="attribute12" onParentVersion="COPY" protected="false" requiredType="Double"/><propertyDefinition autoCreated="false" isFullTextSearchable="false" isQueryOrderable="false" mandatory="false" multiple="false" name="attribute15" onParentVersion="COPY" protected="false" requiredType="Double"/><propertyDefinition autoCreated="false" isFullTextSearchable="false" isQueryOrderable="false" mandatory="false" multiple="false" name="attribute3" onParentVersion="COPY" protected="false" requiredType="String"/><propertyDefinition autoCreated="false" isFullTextSearchable="false" isQueryOrderable="false" mandatory="false" multiple="false" name="rRevision" onParentVersion="COPY" protected="false" requiredType="Long"/><propertyDefinition autoCreated="false" isFullTextSearchable="false" isQueryOrderable="false" mandatory="false" multiple="false" name="LOB" onParentVersion="COPY" protected="false" requiredType="String"/><propertyDefinition autoCreated="false" isFullTextSearchable="false" isQueryOrderable="false" mandatory="false" multiple="false" name="attribute4" onParentVersion="COPY" protected="false" requiredType="String"/><propertyDefinition autoCreated="false" isFullTextSearchable="false" isQueryOrderable="false" mandatory="false" multiple="false" name="rVersion" onParentVersion="COPY" protected="false" requiredType="Long"/><propertyDefinition autoCreated="false" isFullTextSearchable="false" isQueryOrderable="false" mandatory="false" multiple="false" name="modifiedBy" onParentVersion="COPY" protected="false" requiredType="String"/><propertyDefinition autoCreated="false" isFullTextSearchable="false" isQueryOrderable="false" mandatory="false" multiple="false" name="attribute14" onParentVersion="COPY" protected="false" requiredType="Double"/><propertyDefinition autoCreated="false" isFullTextSearchable="false" isQueryOrderable="false" mandatory="false" multiple="false" name="expirationDate" onParentVersion="COPY" protected="false" requiredType="Date"/><propertyDefinition autoCreated="false" isFullTextSearchable="false" isQueryOrderable="false" mandatory="false" multiple="false" name="attribute7" onParentVersion="COPY" protected="false" requiredType="Date"/><propertyDefinition autoCreated="false" isFullTextSearchable="false" isQueryOrderable="false" mandatory="false" multiple="false" name="attribute13" onParentVersion="COPY" protected="false" requiredType="Double"/><propertyDefinition autoCreated="false" isFullTextSearchable="false" isQueryOrderable="false" mandatory="false" multiple="false" name="attribute6" onParentVersion="COPY" protected="false" requiredType="Date"/><propertyDefinition autoCreated="false" isFullTextSearchable="false" isQueryOrderable="false" mandatory="false" multiple="false" name="attribute5" onParentVersion="COPY" protected="false" requiredType="String"/><propertyDefinition autoCreated="false" isFullTextSearchable="false" isQueryOrderable="false" mandatory="false" multiple="false" name="attribute8" onParentVersion="COPY" protected="false" requiredType="Date"/><propertyDefinition autoCreated="false" isFullTextSearchable="false" isQueryOrderable="false" mandatory="false" multiple="false" name="attribute11" onParentVersion="COPY" protected="false" requiredType="Double"/><propertyDefinition autoCreated="false" isFullTextSearchable="false" isQueryOrderable="false" mandatory="false" multiple="false" name="effectiveDate" onParentVersion="COPY" protected="false" requiredType="Date"/><propertyDefinition autoCreated="false" isFullTextSearchable="false" isQueryOrderable="false" mandatory="false" multiple="false" name="attribute1" onParentVersion="COPY" protected="false" requiredType="String"/><propertyDefinition autoCreated="false" isFullTextSearchable="false" isQueryOrderable="false" mandatory="false" multiple="false" name="attribute9" onParentVersion="COPY" protected="false" requiredType="Date"/></nodeType><nodeType hasOrderableChildNodes="false" isAbstract="false" isMixin="false" isQueryable="true" name="openl:repository" primaryItemName=""><supertypes><supertype>nt:unstructured</supertype></supertypes><propertyDefinition autoCreated="true" isFullTextSearchable="false" isQueryOrderable="false" mandatory="true" multiple="false" name="schema-version" onParentVersion="COPY" protected="false" requiredType="String"><defaultValues><defaultValue>5.7.4</defaultValue></defaultValues></propertyDefinition></nodeType><nodeType hasOrderableChildNodes="false" isAbstract="false" isMixin="false" isQueryable="true" name="openl:folder" primaryItemName=""><supertypes><supertype>nt:folder</supertype><supertype>openl:entity</supertype></supertypes></nodeType><nodeType hasOrderableChildNodes="false" isAbstract="false" isMixin="false" isQueryable="true" name="openl:aproject" primaryItemName=""><supertypes><supertype>openl:folder</supertype></supertypes><propertyDefinition autoCreated="false" isFullTextSearchable="false" isQueryOrderable="false" mandatory="false" multiple="false" name="comment" onParentVersion="COPY" protected="false" requiredType="String"/><propertyDefinition autoCreated="false" isFullTextSearchable="false" isQueryOrderable="false" mandatory="false" multiple="false" name="description" onParentVersion="COPY" protected="false" requiredType="String"/><propertyDefinition autoCreated="false" isFullTextSearchable="false" isQueryOrderable="false" mandatory="false" multiple="false" name="openl:marked4Deletion" onParentVersion="ABORT" protected="false" requiredType="Boolean"/></nodeType></nodeTypes>