<?xml version="1.0" encoding="UTF-8"?><nodeTypes xmlns:fn="http://www.w3.org/2005/xpath-functions" xmlns:fn_old="http://www.w3.org/2004/10/xpath-functions" xmlns:jcr="http://www.jcp.org/jcr/1.0" xmlns:mix="http://www.jcp.org/jcr/mix/1.0" xmlns:nt="http://www.jcp.org/jcr/nt/1.0" xmlns:openl="http://www.openl.org/jcr/1.0" xmlns:rep="internal" xmlns:sv="http://www.jcp.org/jcr/sv/1.0" xmlns:xs="http://www.w3.org/2001/XMLSchema"><nodeType hasOrderableChildNodes="false" isMixin="false" name="openl:file" primaryItemName=""><supertypes><supertype>nt:file</supertype></supertypes><propertyDefinition autoCreated="false" mandatory="false" multiple="false" name="LOB" onParentVersion="COPY" protected="false" requiredType="String"/><propertyDefinition autoCreated="false" mandatory="false" multiple="false" name="expirationDate" onParentVersion="COPY" protected="false" requiredType="Long"/><propertyDefinition autoCreated="false" mandatory="false" multiple="false" name="effectiveDate" onParentVersion="COPY" protected="false" requiredType="Long"/></nodeType><nodeType hasOrderableChildNodes="false" isMixin="false" name="openl:folder" primaryItemName=""><supertypes><supertype>nt:folder</supertype></supertypes><propertyDefinition autoCreated="false" mandatory="false" multiple="false" name="LOB" onParentVersion="COPY" protected="false" requiredType="String"/><propertyDefinition autoCreated="false" mandatory="false" multiple="false" name="expirationDate" onParentVersion="COPY" protected="false" requiredType="Long"/><propertyDefinition autoCreated="false" mandatory="false" multiple="false" name="effectiveDate" onParentVersion="COPY" protected="false" requiredType="Long"/></nodeType><nodeType hasOrderableChildNodes="false" isMixin="false" name="openl:files" primaryItemName=""><supertypes><supertype>openl:folder</supertype></supertypes></nodeType><nodeType hasOrderableChildNodes="false" isMixin="false" name="openl:deployment" primaryItemName=""><supertypes><supertype>nt:unstructured</supertype></supertypes><childNodeDefinition autoCreated="false" defaultPrimaryType="" mandatory="false" name="*" onParentVersion="VERSION" protected="false" sameNameSiblings="false"><requiredPrimaryTypes><requiredPrimaryType>nt:base</requiredPrimaryType></requiredPrimaryTypes></childNodeDefinition></nodeType><nodeType hasOrderableChildNodes="false" isMixin="false" name="openl:repository" primaryItemName=""><supertypes><supertype>nt:unstructured</supertype></supertypes><propertyDefinition autoCreated="true" mandatory="true" multiple="false" name="schema-version" onParentVersion="COPY" protected="false" requiredType="String"><defaultValues><defaultValue>5.0.5</defaultValue></defaultValues></propertyDefinition></nodeType><nodeType hasOrderableChildNodes="false" isMixin="false" name="openl:project" primaryItemName=""><supertypes><supertype>nt:unstructured</supertype></supertypes><propertyDefinition autoCreated="false" mandatory="false" multiple="false" name="LOB" onParentVersion="COPY" protected="false" requiredType="String"/><propertyDefinition autoCreated="false" mandatory="false" multiple="false" name="expirationDate" onParentVersion="COPY" protected="false" requiredType="Long"/><propertyDefinition autoCreated="false" mandatory="false" multiple="false" name="effectiveDate" onParentVersion="COPY" protected="false" requiredType="Long"/><childNodeDefinition autoCreated="false" defaultPrimaryType="" mandatory="false" name="*" onParentVersion="VERSION" protected="false" sameNameSiblings="false"><requiredPrimaryTypes><requiredPrimaryType>nt:base</requiredPrimaryType></requiredPrimaryTypes></childNodeDefinition></nodeType></nodeTypes>